TUC-AIR-SOD-00488,6925588664519,AIR NEED LAVENDER SCENT *1Pcs
TUC-AIR-SOD-00099,8834000093197,DEODORANT MELON 70G*1Pcs
TUC-AIR-SOD-00492,8850175012276,GLADE LAVENDER SCENTED GEL 180G*1Pcs
TUC-AIR-SOD-00494,8850175012917,GLADE MORNING FRESHNESS SCENTED GEL 180G*1Pcs
TUC-AIR-SOD-00074,8834000093500,DEODORANT ORANGE *1Pcs
TUC-AIR-SOD-00084,8834000093418,DEODORANT MOGRA *1Pcs
TUC-AIR-SOD-00079,08020300079,DEODORANT MELON *6Pcs
TUC-AIR-SOD-00491,8850175010111,GLADE FLORAL PERFECTION SCENTED GEL 180G*1Pcs
TUC-AIR-SOD-00486,6925588664526,AIR NEED ROSE SCENT *1Pcs
TUC-AIR-SOD-00092,8834000093401,DEODORANT JASMINE *1Pcs
TUC-AIR-SOD-00082,8834000093395,DEODORANT OK *1Pcs
TUC-AIR-SOD-00080,8834000093487,DEODORANT MELON *1Pcs
TUC-AIR-SOD-00086,8834000093425,DEODORANT ROSE *1Pcs
TUC-AIR-SOD-00076,8834000093494,DEODORANT STRAWBERRY *1Pcs
TUC-AIR-SOD-00078,8834000093517,DEODORANT LEMON *1Pcs
TUC-AIR-SOD-00088,8834000093432,DEODORANT ORCHID *1Pcs
SZB-BAB-BBS-00099,8851123375078,BABI MILD DOUBLE MILK PROTEIN PLUS BABY LOTION 400ML*1Pcs
SZB-BAB-BBS-00057,8851123741040,BABI MILD ULTRA MILD BIOGANIK BABY CREAM 50G*1Pcs
SZB-BAB-BBS-00125,8851929018599,DMP BABY BATH HEAD TO TOE WASH ORGANIC SAKURA & STRAWBERRY *1Pcs
SZB-BAB-BBS-00295,9556006004234,JOHSON'S ACTIVE KIDS SOFT & SMOOTH SHAMPOO 200ML*1Pcs
SZB-BAB-BBS-00051,8851123375672,BABI MILD ULTRA MILD BIOGANIK BABY LOTION 180ML*1Pcs
SZB-BAB-BBS-00051,8851123375672,BABI MILD ULTRA MILD BIOGANIK BABY LOTION 180ML*1Pcs
SZB-BAB-BBS-00072,8851123342612,BABI MILD 2 IN 1 BABY SHAMPOO & CONDITIONER 200ML*1Pcs
SZB-BAB-BBS-00127,8851929013631,DMP BABY BATH HEAD TO TOE WASH ORGANIC DOUBLE MILK & VITAMIN E *1Pcs
SZB-BAB-BBS-00190,8850002804692,KODOMO 6 YEAR+ TOOTHBRUSH + TOOTHPASTE *1Pcs
SZB-BAB-BBS-00133,11040100133,ALL SWEET WHITENING PERFUMED POWDER (ORANGE) 125G*1Pcs
SZB-BAB-BBS-00176,8850002907638,KODOMO BOX (5Pcs) *1Pcs
SZB-BAB-BBS-00131,8851123705813,BABI MILD DOUBLE MILK PROTEIN PLUS BABY POWDER 380G*1Pcs
SZB-BAB-BBS-00106,8851123349086,BABI MILD BIOGANIK ORGANIC BABY OIL 100ML*1Pcs
SZB-BAB-BBS-00100,8851123709002,BABI MILD SWEETY PINK PLUS BABY CREAM 50G*1Pcs
SZB-BAB-BBS-00175,8850002804227,KODOMO ORIGINAL WITH MOISTURIZER BABY SOAP 75G*1Pcs
SZB-BAB-BBS-00097,8851123375658,BABI MILD ULTRA MILD WHITE SAKURA BABY LOTION 400ML*1Pcs
SZB-BAB-BBS-00294,9556006012086,JOHSON'S TOP-TO-TOE BABY BATH 100ML*1Pcs
SZB-BAB-BBS-00055,8851123750080,BABI MILD ULTRA MILD LAVENDER BABY POWDER 350G*1Pcs
SZB-BAB-BBS-00076,8851123343657,BABI MILD DOUBLE MILK BABY BATH 180ML*1Pcs
SZB-BAB-BBS-00067,8851123709026,BABI MILD DOUBLE MILK PROTEIN PLUS BABY CREAM 50G*1Pcs
SZB-BAB-BBS-00135,6949346903122,FANG XIN BABY TALCUM POWDER 180G*1Pcs
SZB-BAB-BBS-00054,8851123740968,BABI MILD ULTRA MILD WHITE SAKURA BABY POWDER 350G*1Pcs
SZB-BAB-BBS-00189,8850002804678,KODOMO 0.5-3  YEAR TOOTHBRUSH + TOOTHPASTE *1Pcs
SZB-BAB-BBS-00188,8850002804685,KODOMO 3-6 YEAR TOOTHBRUSH + TOOTHPASTE *1Pcs
SZB-BAB-SSR-00270,8850002036468,KODOMO ORGANIC CRANBERRY & ALOE VERA BOTTLE & NIPPLE LIQUID CLEANSER 650ML*1Pcs
SZB-BAB-OCE-00326,8853659034443,BABY LIFE နို့ဘူးအသေး *1Pcs
SZB-BAB-SSR-00327,8853659038885,BABY LIFE နို့ဘူးအကြီး *1Pcs
SZB-BDW-BDR-00050,8887410005090,MAMYPOKO MY BABY (M) *1Pcs
SZB-BDW-BDR-00025,6970701769060,LOVELY BABY SUPER SOFT(XXXL) 17KG*1Pcs
SZB-BDW-BDR-00174,8834000081408,BABY KEN DIAPER (M) *1Pcs
SZB-BDW-BDR-00116,8834000081422,BABY KEN DIAPER(XL) *1Pcs
SZB-BDW-BDR-00116,8834000081422,BABY KEN DIAPER(XL) *1Pcs
SZB-BDW-BDR-00115,8834000081613,BABY KEN DIAPER(S) *1Pcs
SZB-BDW-BDR-00115,8834000081613,BABY KEN DIAPER(S) *1Pcs
SZB-BDW-BDR-00253,8834000081682,BABY KEN ဘူးသီး ဒိုက်ဘာ(XXL) *1Pcs
SZB-BDW-BDR-00253,8834000081682,BABY KEN ဘူးသီး ဒိုက်ဘာ(XXL) *1Pcs
SZB-BDW-BDR-00022,6970701769817,LOVELY BABY SUPER SOFT(S) 3-7KG*1Pcs
SZB-BDW-BDR-00255,8834000081644,BABY KEN ဘူးသီး ဒိုက်ဘာ(S) *1Pcs
SZB-BDW-BDR-00252,8834000081675,BABY KEN ဘူးသီး ဒိုက်ဘာ(XL) *1Pcs
SZB-BDW-BDR-00147,8836000001479,HAPPY MAMMY 30S FRAGRANCE-FREE BABY WIPES BLUE 200MM*150MM*1Pcs
SZB-BDW-BDR-00250,8834000081651,BABY KEN ဘူးသီး ဒိုက်ဘာ(M) *1Pcs
SZB-BDW-BDR-00024,6970701769831,LOVELY BABY SUPER SOFT(L) 9-14KG*1Pcs
SZB-BDW-BDR-00024,6970701769831,LOVELY BABY SUPER SOFT(L) 9-14KG*1Pcs
SZB-BDW-BDR-00048,8887410005083,MAMYPOKO MY BABY (S) *1Pcs
SZB-BDW-BDP-00191,8836000189405,GOOD BABY (M) *1Pcs
SZB-BDW-BDR-00026,6970701769848,LOVELY BABY SUPER SOFT(XL) 12-17KG*1Pcs
SZB-BDW-BDR-00114,8834000081415,BABY KEN DIAPER(L) *1Pcs
SZB-BDW-BDR-00117,8834000081439,BABY KEN DIAPER(XXL) *1Pcs
SZB-BDW-BDR-00254,8834000081699,BABY KEN ဘူးသီး ဒိုက်ဘာ(3XL) *1Pcs
SZB-BDW-BDR-00254,8834000081699,BABY KEN ဘူးသီး ဒိုက်ဘာ(3XL) *1Pcs
SZB-BDW-BDR-00146,8836000001493,HAPPY MAMMY 80S FROGRANCE-FREE BABY WIPES BLUE 200MM*150MM*1Pcs
SZB-BDW-BDR-00251,8834000081668,BABY KEN ဘူးသီး ဒိုက်ဘာ(L) *1Pcs
SZB-BDW-BDR-00021,6970701769824,LOVELY BABY SUPER SOFT(M) 7-10KG*1Pcs
SZB-BDW-BDR-00021,6970701769824,LOVELY BABY SUPER SOFT(M) 7-10KG*1Pcs
SZB-BDW-BDP-00192,8836000189429,GOOD BABY (XL) *1Pcs
SZB-BDW-BDP-00192,8836000189429,GOOD BABY (XL) *1Pcs
SZB-BDW-BDR-00023,6970701769855,LOVELY BABY SUPER SOFT(XXL) 15KG*1Pcs
SZB-BDW-BDR-00023,6970701769855,LOVELY BABY SUPER SOFT(XXL) 15KG*1Pcs
SZB-BDW-BDP-00085,8836000189412,GOOD BABY (L) *1Pcs
SZB-BDW-BDP-00085,8836000189412,GOOD BABY (L) *1Pcs
SZB-BDW-BDP-00034,6970389492724,EAZY BABY PANTS (S) *1Pcs
SZB-BDW-WLR-00153,8834000146657,MAY MAY BABY WIPES ရနံ့မပါ 100WIPES *1Pcs
SZB-BDW-WLR-00154,4710027688957,GOOD BABY BABY WIPES GREEN 80WIPES *1Pcs
SZB-BDW-WLR-00154,4710027688957,GOOD BABY BABY WIPES GREEN 80WIPES *1Pcs
SZB-BDW-WLR-00136,6184659678785,ABC ALCOHOL FREE WITH ALOEVERA  *1Pcs
GRY-BAN-BAD-00198,8850367100101,CHAOKOH COCONUT CREAM 160ML*1Pcs
GRY-BAN-BAD-00906,8834000066313,HMWE ဂျုံမှုန့် 150G*1Pcs
GRY-BAN-BAD-00907,01050100907,HMWE ဂျုံမှုန့် 150G*10Pcs
GRY-BAN-BAD-00201,8850367100071,CHAOKOH COCONUT CREAM 400ML*1Pcs
GRY-BAN-BAD-00142,8850869010250,TELEPHONE AGAR-AGAR POWDER 25G*1Pcs
GRY-BAN-BAD-00047,01050100047,HMWE (SODA) *1Sac
GRY-BAN-BAD-00842,8895445270512,AGAR AGAR POWDER 25G*1Pcs
GRY-BAN-BAD-00909,01050100909,HMWE အကောင်းဆုံးပြောင်းဖူးကော်မှုန့်စစ်စစ် 150G*10Pcs
GRY-BAN-BAD-00908,8834000066436,HMWE အကောင်းဆုံးပြောင်းဖူးကော်မှုန့်စစ်စစ် 150G*1Pcs
GRY-BAN-FLO-00226,01050200226,YODAYARMAL 70G*20Pcs
GRY-BAN-FLO-00227,8834000066009,YODAYARMAL 70G*1Pcs
SNK-BEN-SUS-02304,8889707450130,ROYAL DIAMOND SUNFLOWER SEEDS 55G*1Pcs
SNK-BEN-SUS-02309,8858223006468,LUCKY TOP GOLDEN SUNFLOWER SEEDS  *1Pcs
SNK-BEN-SUS-02097,8834000128431,ROYAL WALNUT FLAVORED SUNFLOWER SEEDS (GREEN) 20G*1Pcs
SNK-BEN-SUS-02099,8834000128462,ROYAL SALTED FLAVOUR SUNFLOWER SEEDS 20G*1Pcs
SNK-BEN-SUS-02087,0682670689992,ROYAL GOLDEN SUNFLOWER SEEDS  30G*1Pcs
SZC-BPC-FCI-00678,8834000002038,SHWE PYI NANN KANTKAW STAMEN THANAKHA 140G*1Pcs
SZC-BPC-FCE-01345,8851111135035,SOFY COOLING FRESH 42CM  *1Pcs
SZC-BPC-FCI-00680,8834000002151,SHWE PYI NANN JASMINE THANAKHA 140G*1Pcs
SZC-BPC-FCI-00685,8834000002069,SHWE PYI NANN SANDALWOOD THANAKHA 40G*1Pcs
SZC-BPC-FCI-00702,8834000002113,SHWE PYI NANN ROSE THANAKHA 140G*1Pcs
SZC-BPC-FCI-01610,0616174653494,SHARP SUPER STAINLESS 2 BLADES FREE *1Pcs
SZC-BPC-FCI-00618,8834000094873,CLEAN BLADES FROM SWEDEN *1Pcs
SZC-BPC-FCI-00618,8834000094873,CLEAN BLADES FROM SWEDEN *1Pcs
SZC-BPC-FCI-02157,6940076600022,RMIEI မုတ်ဆိတ်ရိတ်ဂျုတ် *1Pcs
SZC-BPC-FCE-01348,18851111175031,SOFY PANTS TYPE-L *1Pcs
SZC-BPC-FCI-00670,8834000094514,CLEAN BLADES FROM SWEDEN *24Pcs
SZC-BPC-FCI-00686,8834000002175,SHWE PYI NANN STAR FLOWER THANAKHA 140G*1Pcs
SZC-BPC-FCI-01608,0650045940603,SHARP TWIN BLADE 5+1 CARTRIDGES *1Pcs
SZC-BPC-FCI-00693,8834000002106,SHWE PYI NANN ROSE THANAKHA 40G*1Pcs
SZC-BPC-FCE-01347,8851111175017,SOFY PANTS TYPE-M *1Pcs
SZC-BPC-FCI-00691,8834000002007,SHWE PYI NANN NATURAL WHITENING THANAKHA 40G*1Pcs
SZC-BPC-FCI-01609,616174653388,SHARP PLATINUM BLADE 4+1 CARTRIDGES *1Pcs
SZC-BPC-FCI-00862,8901106101016,LASER STAINLESS *1Pcs
SZC-BPC-FCI-00694,07140600694,SHWEBO MINTHAMEE PURE NATURAL THANAKHA PASTES CLASSIC 60G*1Pcs
SZC-BPC-FCI-00694,07140600694,SHWEBO MINTHAMEE PURE NATURAL THANAKHA PASTES CLASSIC 60G*1Pcs
SZC-BPC-FCI-00722,07140600722,CLEAN BLADES FROM SWEDEN *2Pcs
SZC-BPC-FCI-00688,8834000002052,SHWE PYI NANN SHINMATAUNG THANAKHA 140G*1Pcs
SZC-BPC-FCI-00681,8834000002144,SHWE PYI NANN JASMINE THANAKHA 40G*1Pcs
SZC-BPC-FCE-01325,8851111164073,SOFY BODY FIT NIGHT TYPE 42CM*1Pcs
SZC-BPC-FCE-01598,3663724102923,LAI LAI SOFT-COTTON SANATARY NAPKIN 350MM 8PADS (NIGHT USE) *1Pcs